{
  "fx": 619.0663200826591,
  "fy": 616.9516719761218,
  "cx": 291.4184688819975,
  "cy": 255.5398122042041,
  "dist": [[-0.34508113086475234, -0.3017790565343178, 0.0020032115460837086, -0.001644324022468477, 1.5401868965912007]]
}
